{
    "materials":[{
        "DbgColor":15658734,
        "shading":"lambert",
        "blending":1,
        "mapDiffuseAnisotropy":1,
        "doubleSided":false,
        "mapDiffuse":"log.png",
        "transparent":false,
        "DbgName":"Material",
        "colorDiffuse":[0.64,0.64,0.64],
        "mapDiffuseRepeat":[1,1],
        "visible":true,
        "depthTest":true,
        "mapDiffuseWrap":["repeat","repeat"],
        "depthWrite":true,
        "opacity":1,
        "wireframe":false,
        "DbgIndex":0,
        "colorEmissive":[0,0,0]
    }],
    "normals":[0,0.630238,0.77636,0,-0.630238,0.77636,0.548967,-0.630238,0.548967,0.548967,0.630238,0.548967,0.77636,-0.630238,0,0.77636,0.630238,0,0.548967,-0.630238,-0.548967,0.548967,0.630238,-0.548967,0,-0.630238,-0.77636,0,0.630238,-0.77636,-0.548967,-0.630238,-0.548967,-0.548967,0.630238,-0.548967,-0.77636,-0.630238,0,-0.77636,0.630238,0,-0.548967,-0.630238,0.548967,-0.548967,0.630238,0.548967,-0.42027,0.804163,-0.42027,0,0.804163,-0.594348,0,-0.804163,-0.594348,-0.42027,-0.804163,-0.42027,-0.594348,0.804163,0,-0.594348,-0.804163,0,-0.42027,0.804163,0.42027,-0.42027,-0.804163,0.42027,0,0.804163,0.594348,0,-0.804163,0.594348,0.42027,0.804163,0.42027,0.42027,-0.804163,0.42027,0.594348,0.804163,0,0.594348,-0.804163,0,0.42027,0.804163,-0.42027,0.42027,-0.804163,-0.42027],
    "vertices":[-0.183629,0.5,0.350773,-0.183629,-0.5,0.350773,-0.0677793,0.5,0.302787,-0.0677793,-0.5,0.302787,-0.0197929,0.5,0.186938,-0.0197929,-0.5,0.186938,-0.0677793,0.5,0.0710882,-0.0677793,-0.5,0.0710882,-0.183629,0.5,0.0231019,-0.183629,-0.5,0.0231019,-0.299478,0.5,0.0710883,-0.299478,-0.5,0.0710882,-0.347464,0.5,0.186938,-0.347464,-0.5,0.186938,-0.299478,0.5,0.302787,-0.299478,-0.5,0.302787,-0.183629,0.5,0.381922,-0.0457542,0.5,0.324812,-0.0457542,-0.5,0.324812,-0.183629,-0.5,0.381922,0.0113553,0.5,0.186938,0.0113553,-0.5,0.186938,-0.0457542,0.5,0.0490631,-0.0457542,-0.5,0.0490631,-0.183629,0.5,-0.00804636,-0.183629,-0.5,-0.00804636,-0.321503,0.5,0.0490632,-0.321503,-0.5,0.0490631,-0.378613,0.5,0.186938,-0.378613,-0.5,0.186938,-0.321503,0.5,0.324812,-0.321503,-0.5,0.324812,-0.0677793,-0.453264,0.302787,-0.183629,-0.453264,0.350773,-0.299478,-0.453264,0.302787,-0.347464,-0.453264,0.186938,-0.299478,-0.453264,0.0710883,-0.183629,-0.453264,0.0231019,-0.0677793,-0.453264,0.0710883,-0.0197929,-0.453264,0.186938,-0.183629,0.453264,0.350773,-0.0677793,0.453264,0.302787,-0.0197929,0.453264,0.186938,-0.0677793,0.453264,0.0710882,-0.183629,0.453264,0.0231019,-0.299478,0.453264,0.0710883,-0.347464,0.453264,0.186938,-0.299478,0.453264,0.302787,0.213157,0.5,0.350773,0.213157,-0.5,0.350773,0.329007,0.5,0.302787,0.329007,-0.5,0.302787,0.376993,0.5,0.186938,0.376993,-0.5,0.186938,0.329007,0.5,0.0710882,0.329007,-0.5,0.0710882,0.213157,0.5,0.0231019,0.213157,-0.5,0.0231019,0.097308,0.5,0.0710883,0.097308,-0.5,0.0710882,0.0493217,0.5,0.186938,0.0493217,-0.5,0.186938,0.097308,0.5,0.302787,0.097308,-0.5,0.302787,0.213157,0.5,0.381922,0.351032,0.5,0.324812,0.351032,-0.5,0.324812,0.213157,-0.5,0.381922,0.408141,0.5,0.186938,0.408141,-0.5,0.186938,0.351032,0.5,0.0490631,0.351032,-0.5,0.0490631,0.213157,0.5,-0.00804636,0.213157,-0.5,-0.00804636,0.0752829,0.5,0.0490632,0.0752829,-0.5,0.0490631,0.0181734,0.5,0.186938,0.0181734,-0.5,0.186938,0.0752829,0.5,0.324812,0.0752829,-0.5,0.324812,0.329007,-0.453264,0.302787,0.213157,-0.453264,0.350773,0.097308,-0.453264,0.302787,0.0493217,-0.453264,0.186938,0.097308,-0.453264,0.0710883,0.213157,-0.453264,0.0231019,0.329007,-0.453264,0.0710883,0.376993,-0.453264,0.186938,0.213157,0.453264,0.350773,0.329007,0.453264,0.302787,0.376993,0.453264,0.186938,0.329007,0.453264,0.0710882,0.213157,0.453264,0.0231019,0.097308,0.453264,0.0710883,0.0493217,0.453264,0.186938,0.097308,0.453264,0.302787,0.0146128,0.5,0.662852,0.0146128,-0.5,0.662852,0.130462,0.5,0.614865,0.130462,-0.5,0.614865,0.178449,0.5,0.499016,0.178449,-0.5,0.499016,0.130462,0.5,0.383167,0.130462,-0.5,0.383167,0.0146128,0.5,0.33518,0.0146128,-0.5,0.33518,-0.101237,0.5,0.383167,-0.101237,-0.5,0.383167,-0.149223,0.5,0.499016,-0.149223,-0.5,0.499016,-0.101237,0.5,0.614865,-0.101237,-0.5,0.614865,0.0146128,0.5,0.694,0.152487,0.5,0.636891,0.152487,-0.5,0.636891,0.0146128,-0.5,0.694,0.209597,0.5,0.499016,0.209597,-0.5,0.499016,0.152487,0.5,0.361141,0.152487,-0.5,0.361141,0.0146128,0.5,0.304032,0.0146128,-0.5,0.304032,-0.123262,0.5,0.361142,-0.123262,-0.5,0.361141,-0.180371,0.5,0.499016,-0.180371,-0.5,0.499016,-0.123262,0.5,0.636891,-0.123262,-0.5,0.636891,0.130462,-0.453264,0.614865,0.0146128,-0.453264,0.662852,-0.101237,-0.453264,0.614865,-0.149223,-0.453264,0.499016,-0.101237,-0.453264,0.383167,0.0146128,-0.453264,0.33518,0.130462,-0.453264,0.383167,0.178449,-0.453264,0.499016,0.0146128,0.453264,0.662852,0.130462,0.453264,0.614865,0.178449,0.453264,0.499016,0.130462,0.453264,0.383167,0.0146128,0.453264,0.33518,-0.101237,0.453264,0.383167,-0.149223,0.453264,0.499016,-0.101237,0.453264,0.614865],
    "metadata":{
        "materials":1,
        "version":3,
        "vertices":144,
        "generator":"io_three",
        "type":"Geometry",
        "faces":156,
        "normals":32,
        "uvs":1
    },